trg_detailsop_one_berlaku_insert	INSERT	detailsop	BEFORE	BEGIN\n  IF NEW.`status` = 'BERLAKU' AND EXISTS (\n    SELECT 1\n    FROM `DetailSOP` d\n    WHERE d.`sopId` = NEW.`sopId`\n      AND d.`status` = 'BERLAKU'\n  ) THEN\n    SIGNAL SQLSTATE '45000' SET MESSAGE_TEXT = 'Hanya satu DetailSOP BERLAKU per SOP';\n  END IF;\nEND
trg_detailsop_one_berlaku_update	UPDATE	detailsop	BEFORE	BEGIN\n  IF NEW.`status` = 'BERLAKU' AND EXISTS (\n    SELECT 1\n    FROM `DetailSOP` d\n    WHERE d.`sopId` = NEW.`sopId`\n      AND d.`status` = 'BERLAKU'\n      AND d.`detailSopId` <> OLD.`detailSopId`\n  ) THEN\n    SIGNAL SQLSTATE '45000' SET MESSAGE_TEXT = 'Hanya satu DetailSOP BERLAKU per SOP';\n  END IF;\nEND
trg_langkahsop_cabang_detail_insert	INSERT	langkahsop	BEFORE	BEGIN\n  IF NEW.`langkahSelanjutnyaYaId` IS NOT NULL THEN\n    IF (\n      SELECT COUNT(*)\n      FROM `LangkahSOP` target\n      WHERE target.`langkahSopId` = NEW.`langkahSelanjutnyaYaId`\n        AND target.`detailSopId` = NEW.`detailSopId`\n    ) = 0 THEN\n      SIGNAL SQLSTATE '45000' SET MESSAGE_TEXT = 'Langkah tujuan cabang Ya harus berada dalam DetailSOP yang sama';\n    END IF;\n  END IF;\n\n  IF NEW.`langkahSelanjutnyaTidakId` IS NOT NULL THEN\n    IF (\n      SELECT COUNT(*)\n      FROM `LangkahSOP` target\n      WHERE target.`langkahSopId` = NEW.`langkahSelanjutnyaTidakId`\n        AND target.`detailSopId` = NEW.`detailSopId`\n    ) = 0 THEN\n      SIGNAL SQLSTATE '45000' SET MESSAGE_TEXT = 'Langkah tujuan cabang Tidak harus berada dalam DetailSOP yang sama';\n    END IF;\n  END IF;\nEND
trg_langkahsop_cabang_detail_update	UPDATE	langkahsop	BEFORE	BEGIN\n  IF NEW.`langkahSelanjutnyaYaId` IS NOT NULL THEN\n    IF (\n      SELECT COUNT(*)\n      FROM `LangkahSOP` target\n      WHERE target.`langkahSopId` = NEW.`langkahSelanjutnyaYaId`\n        AND target.`detailSopId` = NEW.`detailSopId`\n    ) = 0 THEN\n      SIGNAL SQLSTATE '45000' SET MESSAGE_TEXT = 'Langkah tujuan cabang Ya harus berada dalam DetailSOP yang sama';\n    END IF;\n  END IF;\n\n  IF NEW.`langkahSelanjutnyaTidakId` IS NOT NULL THEN\n    IF (\n      SELECT COUNT(*)\n      FROM `LangkahSOP` target\n      WHERE target.`langkahSopId` = NEW.`langkahSelanjutnyaTidakId`\n        AND target.`detailSopId` = NEW.`detailSopId`\n    ) = 0 THEN\n      SIGNAL SQLSTATE '45000' SET MESSAGE_TEXT = 'Langkah tujuan cabang Tidak harus berada dalam DetailSOP yang sama';\n    END IF;\n  END IF;\nEND
trg_langkahsop_pelaksana_swimlane_insert	INSERT	langkahsop	BEFORE	BEGIN\n  IF NOT EXISTS (\n    SELECT 1\n    FROM `DetailSOPPelaksana` d\n    WHERE d.`detailSopId` = NEW.`detailSopId`\n      AND d.`pelaksanaId` = NEW.`pelaksanaId`\n  ) THEN\n    SIGNAL SQLSTATE '45000'\n      SET MESSAGE_TEXT = 'Pelaksana langkah harus dipilih sebagai swimlane pada DetailSOP yang sama';\n  END IF;\nEND
trg_langkahsop_pelaksana_swimlane_update	UPDATE	langkahsop	BEFORE	BEGIN\n  IF NOT EXISTS (\n    SELECT 1\n    FROM `DetailSOPPelaksana` d\n    WHERE d.`detailSopId` = NEW.`detailSopId`\n      AND d.`pelaksanaId` = NEW.`pelaksanaId`\n  ) THEN\n    SIGNAL SQLSTATE '45000'\n      SET MESSAGE_TEXT = 'Pelaksana langkah harus dipilih sebagai swimlane pada DetailSOP yang sama';\n  END IF;\nEND
trg_process_scope_department_insert	INSERT	process	BEFORE	BEGIN\n  IF (NEW.`scope` = 'FACULTY' AND NEW.`departmentId` IS NOT NULL)\n     OR (NEW.`scope` = 'DEPARTMENT' AND NEW.`departmentId` IS NULL) THEN\n    SIGNAL SQLSTATE '45000' SET MESSAGE_TEXT = 'Process scope and departmentId are inconsistent';\n  END IF;\nEND
trg_process_scope_department_update	UPDATE	process	BEFORE	BEGIN\n  IF (NEW.`scope` = 'FACULTY' AND NEW.`departmentId` IS NOT NULL)\n     OR (NEW.`scope` = 'DEPARTMENT' AND NEW.`departmentId` IS NULL) THEN\n    SIGNAL SQLSTATE '45000' SET MESSAGE_TEXT = 'Process scope and departmentId are inconsistent';\n  END IF;\nEND
trg_sop_terkait_insert	INSERT	sopterkait	BEFORE	BEGIN\n  IF NEW.`detailSopId` = NEW.`detailSopTerkaitId` THEN\n    SIGNAL SQLSTATE '45000' SET MESSAGE_TEXT = 'SOP terkait tidak boleh merujuk diri sendiri';\n  END IF;\nEND
trg_sop_terkait_update	UPDATE	sopterkait	BEFORE	BEGIN\n  IF NEW.`detailSopId` = NEW.`detailSopTerkaitId` THEN\n    SIGNAL SQLSTATE '45000' SET MESSAGE_TEXT = 'SOP terkait tidak boleh merujuk diri sendiri';\n  END IF;\nEND
